report_year,calculator_data_version,property_price_gbp,jurisdiction,buyer_type,assumption_level,deposit_percentage,deposit_gbp,property_tax_name,property_tax_gbp,property_tax_basis,legal_fees_gbp,legal_fees_basis,searches_gbp,searches_basis,registration_gbp,registration_basis,survey_gbp,survey_basis,mortgage_fees_gbp,mortgage_fees_basis,bank_transfer_fee_gbp,moving_costs_gbp,moving_costs_included,insurance_gbp,insurance_included,furnishing_setup_gbp,furnishing_setup_included,contingency_gbp,contingency_percentage,total_upfront_cash_gbp,notes
2026,2026.07.1,150000,England,First-time buyer,average,10,15000,Stamp Duty Land Tax,0,official-calculation,1250,market-estimate,340,market-estimate,100,official-charge,550,market-estimate,650,market-estimate,40,900,true,320,true,0,false,405,10,19555,"Taxes use official jurisdiction-specific rules verified on 19 July 2026. Legal, survey, mortgage, moving and setup figures are adjustable planning estimates. Registration treatment depends on the application; confirm the final charge with your solicitor."
2026,2026.07.1,150000,England,Home mover,average,10,15000,Stamp Duty Land Tax,500,official-calculation,1250,market-estimate,340,market-estimate,100,official-charge,550,market-estimate,650,market-estimate,40,900,true,320,true,0,false,405,10,20055,"Taxes use official jurisdiction-specific rules verified on 19 July 2026. Legal, survey, mortgage, moving and setup figures are adjustable planning estimates. Registration treatment depends on the application; confirm the final charge with your solicitor."
2026,2026.07.1,150000,England,Additional property / second home,average,10,15000,Stamp Duty Land Tax,8000,official-calculation,1250,market-estimate,340,market-estimate,100,official-charge,550,market-estimate,650,market-estimate,40,900,true,320,true,0,false,405,10,27555,"Taxes use official jurisdiction-specific rules verified on 19 July 2026. Legal, survey, mortgage, moving and setup figures are adjustable planning estimates. Registration treatment depends on the application; confirm the final charge with your solicitor."
2026,2026.07.1,150000,Northern Ireland,First-time buyer,average,10,15000,Stamp Duty Land Tax,0,official-calculation,1250,market-estimate,340,market-estimate,220,market-estimate,550,market-estimate,650,market-estimate,40,900,true,320,true,0,false,427,10,19697,"Taxes use official jurisdiction-specific rules verified on 19 July 2026. Legal, survey, mortgage, moving and setup figures are adjustable planning estimates. Northern Ireland registration is an adjustable allowance, not an HM Land Registry charge."
2026,2026.07.1,150000,Northern Ireland,Home mover,average,10,15000,Stamp Duty Land Tax,500,official-calculation,1250,market-estimate,340,market-estimate,220,market-estimate,550,market-estimate,650,market-estimate,40,900,true,320,true,0,false,427,10,20197,"Taxes use official jurisdiction-specific rules verified on 19 July 2026. Legal, survey, mortgage, moving and setup figures are adjustable planning estimates. Northern Ireland registration is an adjustable allowance, not an HM Land Registry charge."
2026,2026.07.1,150000,Northern Ireland,Additional property / second home,average,10,15000,Stamp Duty Land Tax,8000,official-calculation,1250,market-estimate,340,market-estimate,220,market-estimate,550,market-estimate,650,market-estimate,40,900,true,320,true,0,false,427,10,27697,"Taxes use official jurisdiction-specific rules verified on 19 July 2026. Legal, survey, mortgage, moving and setup figures are adjustable planning estimates. Northern Ireland registration is an adjustable allowance, not an HM Land Registry charge."
2026,2026.07.1,150000,Scotland,First-time buyer,average,10,15000,LBTT,0,official-calculation,1250,market-estimate,240,market-estimate,260,official-charge,550,market-estimate,650,market-estimate,40,900,true,300,true,0,false,393,10,19583,"Taxes use official jurisdiction-specific rules verified on 19 July 2026. Legal, survey, mortgage, moving and setup figures are adjustable planning estimates. Registration treatment depends on the application; confirm the final charge with your solicitor."
2026,2026.07.1,150000,Scotland,Home mover,average,10,15000,LBTT,100,official-calculation,1250,market-estimate,240,market-estimate,260,official-charge,550,market-estimate,650,market-estimate,40,900,true,300,true,0,false,393,10,19683,"Taxes use official jurisdiction-specific rules verified on 19 July 2026. Legal, survey, mortgage, moving and setup figures are adjustable planning estimates. Registration treatment depends on the application; confirm the final charge with your solicitor."
2026,2026.07.1,150000,Scotland,Additional property / second home,average,10,15000,LBTT,12100,official-calculation,1250,market-estimate,240,market-estimate,260,official-charge,550,market-estimate,650,market-estimate,40,900,true,300,true,0,false,393,10,31683,"Taxes use official jurisdiction-specific rules verified on 19 July 2026. Legal, survey, mortgage, moving and setup figures are adjustable planning estimates. Registration treatment depends on the application; confirm the final charge with your solicitor."
2026,2026.07.1,150000,Wales,First-time buyer,average,10,15000,LTT,0,official-calculation,1250,market-estimate,330,market-estimate,100,official-charge,550,market-estimate,650,market-estimate,40,900,true,320,true,0,false,404,10,19544,"Taxes use official jurisdiction-specific rules verified on 19 July 2026. Legal, survey, mortgage, moving and setup figures are adjustable planning estimates. Registration treatment depends on the application; confirm the final charge with your solicitor."
2026,2026.07.1,150000,Wales,Home mover,average,10,15000,LTT,0,official-calculation,1250,market-estimate,330,market-estimate,100,official-charge,550,market-estimate,650,market-estimate,40,900,true,320,true,0,false,404,10,19544,"Taxes use official jurisdiction-specific rules verified on 19 July 2026. Legal, survey, mortgage, moving and setup figures are adjustable planning estimates. Registration treatment depends on the application; confirm the final charge with your solicitor."
2026,2026.07.1,150000,Wales,Additional property / second home,average,10,15000,LTT,7500,official-calculation,1250,market-estimate,330,market-estimate,100,official-charge,550,market-estimate,650,market-estimate,40,900,true,320,true,0,false,404,10,27044,"Taxes use official jurisdiction-specific rules verified on 19 July 2026. Legal, survey, mortgage, moving and setup figures are adjustable planning estimates. Registration treatment depends on the application; confirm the final charge with your solicitor."
2026,2026.07.1,200000,England,First-time buyer,average,10,20000,Stamp Duty Land Tax,0,official-calculation,1250,market-estimate,340,market-estimate,100,official-charge,550,market-estimate,650,market-estimate,40,900,true,320,true,0,false,405,10,24555,"Taxes use official jurisdiction-specific rules verified on 19 July 2026. Legal, survey, mortgage, moving and setup figures are adjustable planning estimates. Registration treatment depends on the application; confirm the final charge with your solicitor."
2026,2026.07.1,200000,England,Home mover,average,10,20000,Stamp Duty Land Tax,1500,official-calculation,1250,market-estimate,340,market-estimate,100,official-charge,550,market-estimate,650,market-estimate,40,900,true,320,true,0,false,405,10,26055,"Taxes use official jurisdiction-specific rules verified on 19 July 2026. Legal, survey, mortgage, moving and setup figures are adjustable planning estimates. Registration treatment depends on the application; confirm the final charge with your solicitor."
2026,2026.07.1,200000,England,Additional property / second home,average,10,20000,Stamp Duty Land Tax,11500,official-calculation,1250,market-estimate,340,market-estimate,100,official-charge,550,market-estimate,650,market-estimate,40,900,true,320,true,0,false,405,10,36055,"Taxes use official jurisdiction-specific rules verified on 19 July 2026. Legal, survey, mortgage, moving and setup figures are adjustable planning estimates. Registration treatment depends on the application; confirm the final charge with your solicitor."
2026,2026.07.1,200000,Northern Ireland,First-time buyer,average,10,20000,Stamp Duty Land Tax,0,official-calculation,1250,market-estimate,340,market-estimate,310,market-estimate,550,market-estimate,650,market-estimate,40,900,true,320,true,0,false,436,10,24796,"Taxes use official jurisdiction-specific rules verified on 19 July 2026. Legal, survey, mortgage, moving and setup figures are adjustable planning estimates. Northern Ireland registration is an adjustable allowance, not an HM Land Registry charge."
2026,2026.07.1,200000,Northern Ireland,Home mover,average,10,20000,Stamp Duty Land Tax,1500,official-calculation,1250,market-estimate,340,market-estimate,310,market-estimate,550,market-estimate,650,market-estimate,40,900,true,320,true,0,false,436,10,26296,"Taxes use official jurisdiction-specific rules verified on 19 July 2026. Legal, survey, mortgage, moving and setup figures are adjustable planning estimates. Northern Ireland registration is an adjustable allowance, not an HM Land Registry charge."
2026,2026.07.1,200000,Northern Ireland,Additional property / second home,average,10,20000,Stamp Duty Land Tax,11500,official-calculation,1250,market-estimate,340,market-estimate,310,market-estimate,550,market-estimate,650,market-estimate,40,900,true,320,true,0,false,436,10,36296,"Taxes use official jurisdiction-specific rules verified on 19 July 2026. Legal, survey, mortgage, moving and setup figures are adjustable planning estimates. Northern Ireland registration is an adjustable allowance, not an HM Land Registry charge."
2026,2026.07.1,200000,Scotland,First-time buyer,average,10,20000,LBTT,500,official-calculation,1250,market-estimate,240,market-estimate,400,official-charge,550,market-estimate,650,market-estimate,40,900,true,300,true,0,false,393,10,25223,"Taxes use official jurisdiction-specific rules verified on 19 July 2026. Legal, survey, mortgage, moving and setup figures are adjustable planning estimates. Registration treatment depends on the application; confirm the final charge with your solicitor."
2026,2026.07.1,200000,Scotland,Home mover,average,10,20000,LBTT,1100,official-calculation,1250,market-estimate,240,market-estimate,400,official-charge,550,market-estimate,650,market-estimate,40,900,true,300,true,0,false,393,10,25823,"Taxes use official jurisdiction-specific rules verified on 19 July 2026. Legal, survey, mortgage, moving and setup figures are adjustable planning estimates. Registration treatment depends on the application; confirm the final charge with your solicitor."
2026,2026.07.1,200000,Scotland,Additional property / second home,average,10,20000,LBTT,17100,official-calculation,1250,market-estimate,240,market-estimate,400,official-charge,550,market-estimate,650,market-estimate,40,900,true,300,true,0,false,393,10,41823,"Taxes use official jurisdiction-specific rules verified on 19 July 2026. Legal, survey, mortgage, moving and setup figures are adjustable planning estimates. Registration treatment depends on the application; confirm the final charge with your solicitor."
2026,2026.07.1,200000,Wales,First-time buyer,average,10,20000,LTT,0,official-calculation,1250,market-estimate,330,market-estimate,100,official-charge,550,market-estimate,650,market-estimate,40,900,true,320,true,0,false,404,10,24544,"Taxes use official jurisdiction-specific rules verified on 19 July 2026. Legal, survey, mortgage, moving and setup figures are adjustable planning estimates. Registration treatment depends on the application; confirm the final charge with your solicitor."
2026,2026.07.1,200000,Wales,Home mover,average,10,20000,LTT,0,official-calculation,1250,market-estimate,330,market-estimate,100,official-charge,550,market-estimate,650,market-estimate,40,900,true,320,true,0,false,404,10,24544,"Taxes use official jurisdiction-specific rules verified on 19 July 2026. Legal, survey, mortgage, moving and setup figures are adjustable planning estimates. Registration treatment depends on the application; confirm the final charge with your solicitor."
2026,2026.07.1,200000,Wales,Additional property / second home,average,10,20000,LTT,10700,official-calculation,1250,market-estimate,330,market-estimate,100,official-charge,550,market-estimate,650,market-estimate,40,900,true,320,true,0,false,404,10,35244,"Taxes use official jurisdiction-specific rules verified on 19 July 2026. Legal, survey, mortgage, moving and setup figures are adjustable planning estimates. Registration treatment depends on the application; confirm the final charge with your solicitor."
2026,2026.07.1,225000,England,First-time buyer,average,10,22500,Stamp Duty Land Tax,0,official-calculation,1400,market-estimate,340,market-estimate,150,official-charge,700,market-estimate,800,market-estimate,40,1100,true,320,true,0,false,470,10,27820,"Taxes use official jurisdiction-specific rules verified on 19 July 2026. Legal, survey, mortgage, moving and setup figures are adjustable planning estimates. Registration treatment depends on the application; confirm the final charge with your solicitor."
2026,2026.07.1,225000,England,Home mover,average,10,22500,Stamp Duty Land Tax,2000,official-calculation,1400,market-estimate,340,market-estimate,150,official-charge,700,market-estimate,800,market-estimate,40,1100,true,320,true,0,false,470,10,29820,"Taxes use official jurisdiction-specific rules verified on 19 July 2026. Legal, survey, mortgage, moving and setup figures are adjustable planning estimates. Registration treatment depends on the application; confirm the final charge with your solicitor."
2026,2026.07.1,225000,England,Additional property / second home,average,10,22500,Stamp Duty Land Tax,13250,official-calculation,1400,market-estimate,340,market-estimate,150,official-charge,700,market-estimate,800,market-estimate,40,1100,true,320,true,0,false,470,10,41070,"Taxes use official jurisdiction-specific rules verified on 19 July 2026. Legal, survey, mortgage, moving and setup figures are adjustable planning estimates. Registration treatment depends on the application; confirm the final charge with your solicitor."
2026,2026.07.1,225000,Northern Ireland,First-time buyer,average,10,22500,Stamp Duty Land Tax,0,official-calculation,1400,market-estimate,340,market-estimate,355,market-estimate,700,market-estimate,800,market-estimate,40,1100,true,320,true,0,false,506,10,28061,"Taxes use official jurisdiction-specific rules verified on 19 July 2026. Legal, survey, mortgage, moving and setup figures are adjustable planning estimates. Northern Ireland registration is an adjustable allowance, not an HM Land Registry charge."
2026,2026.07.1,225000,Northern Ireland,Home mover,average,10,22500,Stamp Duty Land Tax,2000,official-calculation,1400,market-estimate,340,market-estimate,355,market-estimate,700,market-estimate,800,market-estimate,40,1100,true,320,true,0,false,506,10,30061,"Taxes use official jurisdiction-specific rules verified on 19 July 2026. Legal, survey, mortgage, moving and setup figures are adjustable planning estimates. Northern Ireland registration is an adjustable allowance, not an HM Land Registry charge."
2026,2026.07.1,225000,Northern Ireland,Additional property / second home,average,10,22500,Stamp Duty Land Tax,13250,official-calculation,1400,market-estimate,340,market-estimate,355,market-estimate,700,market-estimate,800,market-estimate,40,1100,true,320,true,0,false,506,10,41311,"Taxes use official jurisdiction-specific rules verified on 19 July 2026. Legal, survey, mortgage, moving and setup figures are adjustable planning estimates. Northern Ireland registration is an adjustable allowance, not an HM Land Registry charge."
2026,2026.07.1,225000,Scotland,First-time buyer,average,10,22500,LBTT,1000,official-calculation,1400,market-estimate,240,market-estimate,530,official-charge,700,market-estimate,800,market-estimate,40,1100,true,300,true,0,false,458,10,29068,"Taxes use official jurisdiction-specific rules verified on 19 July 2026. Legal, survey, mortgage, moving and setup figures are adjustable planning estimates. Registration treatment depends on the application; confirm the final charge with your solicitor."
2026,2026.07.1,225000,Scotland,Home mover,average,10,22500,LBTT,1600,official-calculation,1400,market-estimate,240,market-estimate,530,official-charge,700,market-estimate,800,market-estimate,40,1100,true,300,true,0,false,458,10,29668,"Taxes use official jurisdiction-specific rules verified on 19 July 2026. Legal, survey, mortgage, moving and setup figures are adjustable planning estimates. Registration treatment depends on the application; confirm the final charge with your solicitor."
2026,2026.07.1,225000,Scotland,Additional property / second home,average,10,22500,LBTT,19600,official-calculation,1400,market-estimate,240,market-estimate,530,official-charge,700,market-estimate,800,market-estimate,40,1100,true,300,true,0,false,458,10,47668,"Taxes use official jurisdiction-specific rules verified on 19 July 2026. Legal, survey, mortgage, moving and setup figures are adjustable planning estimates. Registration treatment depends on the application; confirm the final charge with your solicitor."
2026,2026.07.1,225000,Wales,First-time buyer,average,10,22500,LTT,0,official-calculation,1400,market-estimate,330,market-estimate,150,official-charge,700,market-estimate,800,market-estimate,40,1100,true,320,true,0,false,469,10,27809,"Taxes use official jurisdiction-specific rules verified on 19 July 2026. Legal, survey, mortgage, moving and setup figures are adjustable planning estimates. Registration treatment depends on the application; confirm the final charge with your solicitor."
2026,2026.07.1,225000,Wales,Home mover,average,10,22500,LTT,0,official-calculation,1400,market-estimate,330,market-estimate,150,official-charge,700,market-estimate,800,market-estimate,40,1100,true,320,true,0,false,469,10,27809,"Taxes use official jurisdiction-specific rules verified on 19 July 2026. Legal, survey, mortgage, moving and setup figures are adjustable planning estimates. Registration treatment depends on the application; confirm the final charge with your solicitor."
2026,2026.07.1,225000,Wales,Additional property / second home,average,10,22500,LTT,12825,official-calculation,1400,market-estimate,330,market-estimate,150,official-charge,700,market-estimate,800,market-estimate,40,1100,true,320,true,0,false,469,10,40634,"Taxes use official jurisdiction-specific rules verified on 19 July 2026. Legal, survey, mortgage, moving and setup figures are adjustable planning estimates. Registration treatment depends on the application; confirm the final charge with your solicitor."
2026,2026.07.1,250000,England,First-time buyer,average,10,25000,Stamp Duty Land Tax,0,official-calculation,1400,market-estimate,340,market-estimate,150,official-charge,700,market-estimate,800,market-estimate,40,1100,true,320,true,0,false,470,10,30320,"Taxes use official jurisdiction-specific rules verified on 19 July 2026. Legal, survey, mortgage, moving and setup figures are adjustable planning estimates. Registration treatment depends on the application; confirm the final charge with your solicitor."
2026,2026.07.1,250000,England,Home mover,average,10,25000,Stamp Duty Land Tax,2500,official-calculation,1400,market-estimate,340,market-estimate,150,official-charge,700,market-estimate,800,market-estimate,40,1100,true,320,true,0,false,470,10,32820,"Taxes use official jurisdiction-specific rules verified on 19 July 2026. Legal, survey, mortgage, moving and setup figures are adjustable planning estimates. Registration treatment depends on the application; confirm the final charge with your solicitor."
2026,2026.07.1,250000,England,Additional property / second home,average,10,25000,Stamp Duty Land Tax,15000,official-calculation,1400,market-estimate,340,market-estimate,150,official-charge,700,market-estimate,800,market-estimate,40,1100,true,320,true,0,false,470,10,45320,"Taxes use official jurisdiction-specific rules verified on 19 July 2026. Legal, survey, mortgage, moving and setup figures are adjustable planning estimates. Registration treatment depends on the application; confirm the final charge with your solicitor."
2026,2026.07.1,250000,Northern Ireland,First-time buyer,average,10,25000,Stamp Duty Land Tax,0,official-calculation,1400,market-estimate,340,market-estimate,355,market-estimate,700,market-estimate,800,market-estimate,40,1100,true,320,true,0,false,506,10,30561,"Taxes use official jurisdiction-specific rules verified on 19 July 2026. Legal, survey, mortgage, moving and setup figures are adjustable planning estimates. Northern Ireland registration is an adjustable allowance, not an HM Land Registry charge."
2026,2026.07.1,250000,Northern Ireland,Home mover,average,10,25000,Stamp Duty Land Tax,2500,official-calculation,1400,market-estimate,340,market-estimate,355,market-estimate,700,market-estimate,800,market-estimate,40,1100,true,320,true,0,false,506,10,33061,"Taxes use official jurisdiction-specific rules verified on 19 July 2026. Legal, survey, mortgage, moving and setup figures are adjustable planning estimates. Northern Ireland registration is an adjustable allowance, not an HM Land Registry charge."
2026,2026.07.1,250000,Northern Ireland,Additional property / second home,average,10,25000,Stamp Duty Land Tax,15000,official-calculation,1400,market-estimate,340,market-estimate,355,market-estimate,700,market-estimate,800,market-estimate,40,1100,true,320,true,0,false,506,10,45561,"Taxes use official jurisdiction-specific rules verified on 19 July 2026. Legal, survey, mortgage, moving and setup figures are adjustable planning estimates. Northern Ireland registration is an adjustable allowance, not an HM Land Registry charge."
2026,2026.07.1,250000,Scotland,First-time buyer,average,10,25000,LBTT,1500,official-calculation,1400,market-estimate,240,market-estimate,530,official-charge,700,market-estimate,800,market-estimate,40,1100,true,300,true,0,false,458,10,32068,"Taxes use official jurisdiction-specific rules verified on 19 July 2026. Legal, survey, mortgage, moving and setup figures are adjustable planning estimates. Registration treatment depends on the application; confirm the final charge with your solicitor."
2026,2026.07.1,250000,Scotland,Home mover,average,10,25000,LBTT,2100,official-calculation,1400,market-estimate,240,market-estimate,530,official-charge,700,market-estimate,800,market-estimate,40,1100,true,300,true,0,false,458,10,32668,"Taxes use official jurisdiction-specific rules verified on 19 July 2026. Legal, survey, mortgage, moving and setup figures are adjustable planning estimates. Registration treatment depends on the application; confirm the final charge with your solicitor."
2026,2026.07.1,250000,Scotland,Additional property / second home,average,10,25000,LBTT,22100,official-calculation,1400,market-estimate,240,market-estimate,530,official-charge,700,market-estimate,800,market-estimate,40,1100,true,300,true,0,false,458,10,52668,"Taxes use official jurisdiction-specific rules verified on 19 July 2026. Legal, survey, mortgage, moving and setup figures are adjustable planning estimates. Registration treatment depends on the application; confirm the final charge with your solicitor."
2026,2026.07.1,250000,Wales,First-time buyer,average,10,25000,LTT,1500,official-calculation,1400,market-estimate,330,market-estimate,150,official-charge,700,market-estimate,800,market-estimate,40,1100,true,320,true,0,false,469,10,31809,"Taxes use official jurisdiction-specific rules verified on 19 July 2026. Legal, survey, mortgage, moving and setup figures are adjustable planning estimates. Registration treatment depends on the application; confirm the final charge with your solicitor."
2026,2026.07.1,250000,Wales,Home mover,average,10,25000,LTT,1500,official-calculation,1400,market-estimate,330,market-estimate,150,official-charge,700,market-estimate,800,market-estimate,40,1100,true,320,true,0,false,469,10,31809,"Taxes use official jurisdiction-specific rules verified on 19 July 2026. Legal, survey, mortgage, moving and setup figures are adjustable planning estimates. Registration treatment depends on the application; confirm the final charge with your solicitor."
2026,2026.07.1,250000,Wales,Additional property / second home,average,10,25000,LTT,14950,official-calculation,1400,market-estimate,330,market-estimate,150,official-charge,700,market-estimate,800,market-estimate,40,1100,true,320,true,0,false,469,10,45259,"Taxes use official jurisdiction-specific rules verified on 19 July 2026. Legal, survey, mortgage, moving and setup figures are adjustable planning estimates. Registration treatment depends on the application; confirm the final charge with your solicitor."
2026,2026.07.1,275000,England,First-time buyer,average,10,27500,Stamp Duty Land Tax,0,official-calculation,1400,market-estimate,340,market-estimate,150,official-charge,700,market-estimate,800,market-estimate,40,1100,true,320,true,0,false,470,10,32820,"Taxes use official jurisdiction-specific rules verified on 19 July 2026. Legal, survey, mortgage, moving and setup figures are adjustable planning estimates. Registration treatment depends on the application; confirm the final charge with your solicitor."
2026,2026.07.1,275000,England,Home mover,average,10,27500,Stamp Duty Land Tax,3750,official-calculation,1400,market-estimate,340,market-estimate,150,official-charge,700,market-estimate,800,market-estimate,40,1100,true,320,true,0,false,470,10,36570,"Taxes use official jurisdiction-specific rules verified on 19 July 2026. Legal, survey, mortgage, moving and setup figures are adjustable planning estimates. Registration treatment depends on the application; confirm the final charge with your solicitor."
2026,2026.07.1,275000,England,Additional property / second home,average,10,27500,Stamp Duty Land Tax,17500,official-calculation,1400,market-estimate,340,market-estimate,150,official-charge,700,market-estimate,800,market-estimate,40,1100,true,320,true,0,false,470,10,50320,"Taxes use official jurisdiction-specific rules verified on 19 July 2026. Legal, survey, mortgage, moving and setup figures are adjustable planning estimates. Registration treatment depends on the application; confirm the final charge with your solicitor."
2026,2026.07.1,275000,Northern Ireland,First-time buyer,average,10,27500,Stamp Duty Land Tax,0,official-calculation,1400,market-estimate,340,market-estimate,445,market-estimate,700,market-estimate,800,market-estimate,40,1100,true,320,true,0,false,515,10,33160,"Taxes use official jurisdiction-specific rules verified on 19 July 2026. Legal, survey, mortgage, moving and setup figures are adjustable planning estimates. Northern Ireland registration is an adjustable allowance, not an HM Land Registry charge."
2026,2026.07.1,275000,Northern Ireland,Home mover,average,10,27500,Stamp Duty Land Tax,3750,official-calculation,1400,market-estimate,340,market-estimate,445,market-estimate,700,market-estimate,800,market-estimate,40,1100,true,320,true,0,false,515,10,36910,"Taxes use official jurisdiction-specific rules verified on 19 July 2026. Legal, survey, mortgage, moving and setup figures are adjustable planning estimates. Northern Ireland registration is an adjustable allowance, not an HM Land Registry charge."
2026,2026.07.1,275000,Northern Ireland,Additional property / second home,average,10,27500,Stamp Duty Land Tax,17500,official-calculation,1400,market-estimate,340,market-estimate,445,market-estimate,700,market-estimate,800,market-estimate,40,1100,true,320,true,0,false,515,10,50660,"Taxes use official jurisdiction-specific rules verified on 19 July 2026. Legal, survey, mortgage, moving and setup figures are adjustable planning estimates. Northern Ireland registration is an adjustable allowance, not an HM Land Registry charge."
2026,2026.07.1,275000,Scotland,First-time buyer,average,10,27500,LBTT,2750,official-calculation,1400,market-estimate,240,market-estimate,530,official-charge,700,market-estimate,800,market-estimate,40,1100,true,300,true,0,false,458,10,35818,"Taxes use official jurisdiction-specific rules verified on 19 July 2026. Legal, survey, mortgage, moving and setup figures are adjustable planning estimates. Registration treatment depends on the application; confirm the final charge with your solicitor."
2026,2026.07.1,275000,Scotland,Home mover,average,10,27500,LBTT,3350,official-calculation,1400,market-estimate,240,market-estimate,530,official-charge,700,market-estimate,800,market-estimate,40,1100,true,300,true,0,false,458,10,36418,"Taxes use official jurisdiction-specific rules verified on 19 July 2026. Legal, survey, mortgage, moving and setup figures are adjustable planning estimates. Registration treatment depends on the application; confirm the final charge with your solicitor."
2026,2026.07.1,275000,Scotland,Additional property / second home,average,10,27500,LBTT,25350,official-calculation,1400,market-estimate,240,market-estimate,530,official-charge,700,market-estimate,800,market-estimate,40,1100,true,300,true,0,false,458,10,58418,"Taxes use official jurisdiction-specific rules verified on 19 July 2026. Legal, survey, mortgage, moving and setup figures are adjustable planning estimates. Registration treatment depends on the application; confirm the final charge with your solicitor."
2026,2026.07.1,275000,Wales,First-time buyer,average,10,27500,LTT,3000,official-calculation,1400,market-estimate,330,market-estimate,150,official-charge,700,market-estimate,800,market-estimate,40,1100,true,320,true,0,false,469,10,35809,"Taxes use official jurisdiction-specific rules verified on 19 July 2026. Legal, survey, mortgage, moving and setup figures are adjustable planning estimates. Registration treatment depends on the application; confirm the final charge with your solicitor."
2026,2026.07.1,275000,Wales,Home mover,average,10,27500,LTT,3000,official-calculation,1400,market-estimate,330,market-estimate,150,official-charge,700,market-estimate,800,market-estimate,40,1100,true,320,true,0,false,469,10,35809,"Taxes use official jurisdiction-specific rules verified on 19 July 2026. Legal, survey, mortgage, moving and setup figures are adjustable planning estimates. Registration treatment depends on the application; confirm the final charge with your solicitor."
2026,2026.07.1,275000,Wales,Additional property / second home,average,10,27500,LTT,17450,official-calculation,1400,market-estimate,330,market-estimate,150,official-charge,700,market-estimate,800,market-estimate,40,1100,true,320,true,0,false,469,10,50259,"Taxes use official jurisdiction-specific rules verified on 19 July 2026. Legal, survey, mortgage, moving and setup figures are adjustable planning estimates. Registration treatment depends on the application; confirm the final charge with your solicitor."
2026,2026.07.1,300000,England,First-time buyer,average,10,30000,Stamp Duty Land Tax,0,official-calculation,1400,market-estimate,340,market-estimate,150,official-charge,700,market-estimate,800,market-estimate,40,1100,true,320,true,0,false,470,10,35320,"Taxes use official jurisdiction-specific rules verified on 19 July 2026. Legal, survey, mortgage, moving and setup figures are adjustable planning estimates. Registration treatment depends on the application; confirm the final charge with your solicitor."
2026,2026.07.1,300000,England,Home mover,average,10,30000,Stamp Duty Land Tax,5000,official-calculation,1400,market-estimate,340,market-estimate,150,official-charge,700,market-estimate,800,market-estimate,40,1100,true,320,true,0,false,470,10,40320,"Taxes use official jurisdiction-specific rules verified on 19 July 2026. Legal, survey, mortgage, moving and setup figures are adjustable planning estimates. Registration treatment depends on the application; confirm the final charge with your solicitor."
2026,2026.07.1,300000,England,Additional property / second home,average,10,30000,Stamp Duty Land Tax,20000,official-calculation,1400,market-estimate,340,market-estimate,150,official-charge,700,market-estimate,800,market-estimate,40,1100,true,320,true,0,false,470,10,55320,"Taxes use official jurisdiction-specific rules verified on 19 July 2026. Legal, survey, mortgage, moving and setup figures are adjustable planning estimates. Registration treatment depends on the application; confirm the final charge with your solicitor."
2026,2026.07.1,300000,Northern Ireland,First-time buyer,average,10,30000,Stamp Duty Land Tax,0,official-calculation,1400,market-estimate,340,market-estimate,445,market-estimate,700,market-estimate,800,market-estimate,40,1100,true,320,true,0,false,515,10,35660,"Taxes use official jurisdiction-specific rules verified on 19 July 2026. Legal, survey, mortgage, moving and setup figures are adjustable planning estimates. Northern Ireland registration is an adjustable allowance, not an HM Land Registry charge."
2026,2026.07.1,300000,Northern Ireland,Home mover,average,10,30000,Stamp Duty Land Tax,5000,official-calculation,1400,market-estimate,340,market-estimate,445,market-estimate,700,market-estimate,800,market-estimate,40,1100,true,320,true,0,false,515,10,40660,"Taxes use official jurisdiction-specific rules verified on 19 July 2026. Legal, survey, mortgage, moving and setup figures are adjustable planning estimates. Northern Ireland registration is an adjustable allowance, not an HM Land Registry charge."
2026,2026.07.1,300000,Northern Ireland,Additional property / second home,average,10,30000,Stamp Duty Land Tax,20000,official-calculation,1400,market-estimate,340,market-estimate,445,market-estimate,700,market-estimate,800,market-estimate,40,1100,true,320,true,0,false,515,10,55660,"Taxes use official jurisdiction-specific rules verified on 19 July 2026. Legal, survey, mortgage, moving and setup figures are adjustable planning estimates. Northern Ireland registration is an adjustable allowance, not an HM Land Registry charge."
2026,2026.07.1,300000,Scotland,First-time buyer,average,10,30000,LBTT,4000,official-calculation,1400,market-estimate,240,market-estimate,530,official-charge,700,market-estimate,800,market-estimate,40,1100,true,300,true,0,false,458,10,39568,"Taxes use official jurisdiction-specific rules verified on 19 July 2026. Legal, survey, mortgage, moving and setup figures are adjustable planning estimates. Registration treatment depends on the application; confirm the final charge with your solicitor."
2026,2026.07.1,300000,Scotland,Home mover,average,10,30000,LBTT,4600,official-calculation,1400,market-estimate,240,market-estimate,530,official-charge,700,market-estimate,800,market-estimate,40,1100,true,300,true,0,false,458,10,40168,"Taxes use official jurisdiction-specific rules verified on 19 July 2026. Legal, survey, mortgage, moving and setup figures are adjustable planning estimates. Registration treatment depends on the application; confirm the final charge with your solicitor."
2026,2026.07.1,300000,Scotland,Additional property / second home,average,10,30000,LBTT,28600,official-calculation,1400,market-estimate,240,market-estimate,530,official-charge,700,market-estimate,800,market-estimate,40,1100,true,300,true,0,false,458,10,64168,"Taxes use official jurisdiction-specific rules verified on 19 July 2026. Legal, survey, mortgage, moving and setup figures are adjustable planning estimates. Registration treatment depends on the application; confirm the final charge with your solicitor."
2026,2026.07.1,300000,Wales,First-time buyer,average,10,30000,LTT,4500,official-calculation,1400,market-estimate,330,market-estimate,150,official-charge,700,market-estimate,800,market-estimate,40,1100,true,320,true,0,false,469,10,39809,"Taxes use official jurisdiction-specific rules verified on 19 July 2026. Legal, survey, mortgage, moving and setup figures are adjustable planning estimates. Registration treatment depends on the application; confirm the final charge with your solicitor."
2026,2026.07.1,300000,Wales,Home mover,average,10,30000,LTT,4500,official-calculation,1400,market-estimate,330,market-estimate,150,official-charge,700,market-estimate,800,market-estimate,40,1100,true,320,true,0,false,469,10,39809,"Taxes use official jurisdiction-specific rules verified on 19 July 2026. Legal, survey, mortgage, moving and setup figures are adjustable planning estimates. Registration treatment depends on the application; confirm the final charge with your solicitor."
2026,2026.07.1,300000,Wales,Additional property / second home,average,10,30000,LTT,19950,official-calculation,1400,market-estimate,330,market-estimate,150,official-charge,700,market-estimate,800,market-estimate,40,1100,true,320,true,0,false,469,10,55259,"Taxes use official jurisdiction-specific rules verified on 19 July 2026. Legal, survey, mortgage, moving and setup figures are adjustable planning estimates. Registration treatment depends on the application; confirm the final charge with your solicitor."
2026,2026.07.1,325000,England,First-time buyer,average,10,32500,Stamp Duty Land Tax,1250,official-calculation,1400,market-estimate,340,market-estimate,150,official-charge,700,market-estimate,800,market-estimate,40,1100,true,320,true,0,false,470,10,39070,"Taxes use official jurisdiction-specific rules verified on 19 July 2026. Legal, survey, mortgage, moving and setup figures are adjustable planning estimates. Registration treatment depends on the application; confirm the final charge with your solicitor."
2026,2026.07.1,325000,England,Home mover,average,10,32500,Stamp Duty Land Tax,6250,official-calculation,1400,market-estimate,340,market-estimate,150,official-charge,700,market-estimate,800,market-estimate,40,1100,true,320,true,0,false,470,10,44070,"Taxes use official jurisdiction-specific rules verified on 19 July 2026. Legal, survey, mortgage, moving and setup figures are adjustable planning estimates. Registration treatment depends on the application; confirm the final charge with your solicitor."
2026,2026.07.1,325000,England,Additional property / second home,average,10,32500,Stamp Duty Land Tax,22500,official-calculation,1400,market-estimate,340,market-estimate,150,official-charge,700,market-estimate,800,market-estimate,40,1100,true,320,true,0,false,470,10,60320,"Taxes use official jurisdiction-specific rules verified on 19 July 2026. Legal, survey, mortgage, moving and setup figures are adjustable planning estimates. Registration treatment depends on the application; confirm the final charge with your solicitor."
2026,2026.07.1,325000,Northern Ireland,First-time buyer,average,10,32500,Stamp Duty Land Tax,1250,official-calculation,1400,market-estimate,340,market-estimate,445,market-estimate,700,market-estimate,800,market-estimate,40,1100,true,320,true,0,false,515,10,39410,"Taxes use official jurisdiction-specific rules verified on 19 July 2026. Legal, survey, mortgage, moving and setup figures are adjustable planning estimates. Northern Ireland registration is an adjustable allowance, not an HM Land Registry charge."
2026,2026.07.1,325000,Northern Ireland,Home mover,average,10,32500,Stamp Duty Land Tax,6250,official-calculation,1400,market-estimate,340,market-estimate,445,market-estimate,700,market-estimate,800,market-estimate,40,1100,true,320,true,0,false,515,10,44410,"Taxes use official jurisdiction-specific rules verified on 19 July 2026. Legal, survey, mortgage, moving and setup figures are adjustable planning estimates. Northern Ireland registration is an adjustable allowance, not an HM Land Registry charge."
2026,2026.07.1,325000,Northern Ireland,Additional property / second home,average,10,32500,Stamp Duty Land Tax,22500,official-calculation,1400,market-estimate,340,market-estimate,445,market-estimate,700,market-estimate,800,market-estimate,40,1100,true,320,true,0,false,515,10,60660,"Taxes use official jurisdiction-specific rules verified on 19 July 2026. Legal, survey, mortgage, moving and setup figures are adjustable planning estimates. Northern Ireland registration is an adjustable allowance, not an HM Land Registry charge."
2026,2026.07.1,325000,Scotland,First-time buyer,average,10,32500,LBTT,5250,official-calculation,1400,market-estimate,240,market-estimate,660,official-charge,700,market-estimate,800,market-estimate,40,1100,true,300,true,0,false,458,10,43448,"Taxes use official jurisdiction-specific rules verified on 19 July 2026. Legal, survey, mortgage, moving and setup figures are adjustable planning estimates. Registration treatment depends on the application; confirm the final charge with your solicitor."
2026,2026.07.1,325000,Scotland,Home mover,average,10,32500,LBTT,5850,official-calculation,1400,market-estimate,240,market-estimate,660,official-charge,700,market-estimate,800,market-estimate,40,1100,true,300,true,0,false,458,10,44048,"Taxes use official jurisdiction-specific rules verified on 19 July 2026. Legal, survey, mortgage, moving and setup figures are adjustable planning estimates. Registration treatment depends on the application; confirm the final charge with your solicitor."
2026,2026.07.1,325000,Scotland,Additional property / second home,average,10,32500,LBTT,31850,official-calculation,1400,market-estimate,240,market-estimate,660,official-charge,700,market-estimate,800,market-estimate,40,1100,true,300,true,0,false,458,10,70048,"Taxes use official jurisdiction-specific rules verified on 19 July 2026. Legal, survey, mortgage, moving and setup figures are adjustable planning estimates. Registration treatment depends on the application; confirm the final charge with your solicitor."
2026,2026.07.1,325000,Wales,First-time buyer,average,10,32500,LTT,6000,official-calculation,1400,market-estimate,330,market-estimate,150,official-charge,700,market-estimate,800,market-estimate,40,1100,true,320,true,0,false,469,10,43809,"Taxes use official jurisdiction-specific rules verified on 19 July 2026. Legal, survey, mortgage, moving and setup figures are adjustable planning estimates. Registration treatment depends on the application; confirm the final charge with your solicitor."
2026,2026.07.1,325000,Wales,Home mover,average,10,32500,LTT,6000,official-calculation,1400,market-estimate,330,market-estimate,150,official-charge,700,market-estimate,800,market-estimate,40,1100,true,320,true,0,false,469,10,43809,"Taxes use official jurisdiction-specific rules verified on 19 July 2026. Legal, survey, mortgage, moving and setup figures are adjustable planning estimates. Registration treatment depends on the application; confirm the final charge with your solicitor."
2026,2026.07.1,325000,Wales,Additional property / second home,average,10,32500,LTT,22450,official-calculation,1400,market-estimate,330,market-estimate,150,official-charge,700,market-estimate,800,market-estimate,40,1100,true,320,true,0,false,469,10,60259,"Taxes use official jurisdiction-specific rules verified on 19 July 2026. Legal, survey, mortgage, moving and setup figures are adjustable planning estimates. Registration treatment depends on the application; confirm the final charge with your solicitor."
2026,2026.07.1,350000,England,First-time buyer,average,10,35000,Stamp Duty Land Tax,2500,official-calculation,1400,market-estimate,340,market-estimate,150,official-charge,700,market-estimate,800,market-estimate,40,1100,true,320,true,0,false,470,10,42820,"Taxes use official jurisdiction-specific rules verified on 19 July 2026. Legal, survey, mortgage, moving and setup figures are adjustable planning estimates. Registration treatment depends on the application; confirm the final charge with your solicitor."
2026,2026.07.1,350000,England,Home mover,average,10,35000,Stamp Duty Land Tax,7500,official-calculation,1400,market-estimate,340,market-estimate,150,official-charge,700,market-estimate,800,market-estimate,40,1100,true,320,true,0,false,470,10,47820,"Taxes use official jurisdiction-specific rules verified on 19 July 2026. Legal, survey, mortgage, moving and setup figures are adjustable planning estimates. Registration treatment depends on the application; confirm the final charge with your solicitor."
2026,2026.07.1,350000,England,Additional property / second home,average,10,35000,Stamp Duty Land Tax,25000,official-calculation,1400,market-estimate,340,market-estimate,150,official-charge,700,market-estimate,800,market-estimate,40,1100,true,320,true,0,false,470,10,65320,"Taxes use official jurisdiction-specific rules verified on 19 July 2026. Legal, survey, mortgage, moving and setup figures are adjustable planning estimates. Registration treatment depends on the application; confirm the final charge with your solicitor."
2026,2026.07.1,350000,Northern Ireland,First-time buyer,average,10,35000,Stamp Duty Land Tax,2500,official-calculation,1400,market-estimate,340,market-estimate,445,market-estimate,700,market-estimate,800,market-estimate,40,1100,true,320,true,0,false,515,10,43160,"Taxes use official jurisdiction-specific rules verified on 19 July 2026. Legal, survey, mortgage, moving and setup figures are adjustable planning estimates. Northern Ireland registration is an adjustable allowance, not an HM Land Registry charge."
2026,2026.07.1,350000,Northern Ireland,Home mover,average,10,35000,Stamp Duty Land Tax,7500,official-calculation,1400,market-estimate,340,market-estimate,445,market-estimate,700,market-estimate,800,market-estimate,40,1100,true,320,true,0,false,515,10,48160,"Taxes use official jurisdiction-specific rules verified on 19 July 2026. Legal, survey, mortgage, moving and setup figures are adjustable planning estimates. Northern Ireland registration is an adjustable allowance, not an HM Land Registry charge."
2026,2026.07.1,350000,Northern Ireland,Additional property / second home,average,10,35000,Stamp Duty Land Tax,25000,official-calculation,1400,market-estimate,340,market-estimate,445,market-estimate,700,market-estimate,800,market-estimate,40,1100,true,320,true,0,false,515,10,65660,"Taxes use official jurisdiction-specific rules verified on 19 July 2026. Legal, survey, mortgage, moving and setup figures are adjustable planning estimates. Northern Ireland registration is an adjustable allowance, not an HM Land Registry charge."
2026,2026.07.1,350000,Scotland,First-time buyer,average,10,35000,LBTT,7750,official-calculation,1400,market-estimate,240,market-estimate,660,official-charge,700,market-estimate,800,market-estimate,40,1100,true,300,true,0,false,458,10,48448,"Taxes use official jurisdiction-specific rules verified on 19 July 2026. Legal, survey, mortgage, moving and setup figures are adjustable planning estimates. Registration treatment depends on the application; confirm the final charge with your solicitor."
2026,2026.07.1,350000,Scotland,Home mover,average,10,35000,LBTT,8350,official-calculation,1400,market-estimate,240,market-estimate,660,official-charge,700,market-estimate,800,market-estimate,40,1100,true,300,true,0,false,458,10,49048,"Taxes use official jurisdiction-specific rules verified on 19 July 2026. Legal, survey, mortgage, moving and setup figures are adjustable planning estimates. Registration treatment depends on the application; confirm the final charge with your solicitor."
2026,2026.07.1,350000,Scotland,Additional property / second home,average,10,35000,LBTT,36350,official-calculation,1400,market-estimate,240,market-estimate,660,official-charge,700,market-estimate,800,market-estimate,40,1100,true,300,true,0,false,458,10,77048,"Taxes use official jurisdiction-specific rules verified on 19 July 2026. Legal, survey, mortgage, moving and setup figures are adjustable planning estimates. Registration treatment depends on the application; confirm the final charge with your solicitor."
2026,2026.07.1,350000,Wales,First-time buyer,average,10,35000,LTT,7500,official-calculation,1400,market-estimate,330,market-estimate,150,official-charge,700,market-estimate,800,market-estimate,40,1100,true,320,true,0,false,469,10,47809,"Taxes use official jurisdiction-specific rules verified on 19 July 2026. Legal, survey, mortgage, moving and setup figures are adjustable planning estimates. Registration treatment depends on the application; confirm the final charge with your solicitor."
2026,2026.07.1,350000,Wales,Home mover,average,10,35000,LTT,7500,official-calculation,1400,market-estimate,330,market-estimate,150,official-charge,700,market-estimate,800,market-estimate,40,1100,true,320,true,0,false,469,10,47809,"Taxes use official jurisdiction-specific rules verified on 19 July 2026. Legal, survey, mortgage, moving and setup figures are adjustable planning estimates. Registration treatment depends on the application; confirm the final charge with your solicitor."
2026,2026.07.1,350000,Wales,Additional property / second home,average,10,35000,LTT,24950,official-calculation,1400,market-estimate,330,market-estimate,150,official-charge,700,market-estimate,800,market-estimate,40,1100,true,320,true,0,false,469,10,65259,"Taxes use official jurisdiction-specific rules verified on 19 July 2026. Legal, survey, mortgage, moving and setup figures are adjustable planning estimates. Registration treatment depends on the application; confirm the final charge with your solicitor."
2026,2026.07.1,400000,England,First-time buyer,average,10,40000,Stamp Duty Land Tax,5000,official-calculation,1550,market-estimate,340,market-estimate,150,official-charge,850,market-estimate,950,market-estimate,40,1300,true,320,true,0,false,535,10,51035,"Taxes use official jurisdiction-specific rules verified on 19 July 2026. Legal, survey, mortgage, moving and setup figures are adjustable planning estimates. Registration treatment depends on the application; confirm the final charge with your solicitor."
2026,2026.07.1,400000,England,Home mover,average,10,40000,Stamp Duty Land Tax,10000,official-calculation,1550,market-estimate,340,market-estimate,150,official-charge,850,market-estimate,950,market-estimate,40,1300,true,320,true,0,false,535,10,56035,"Taxes use official jurisdiction-specific rules verified on 19 July 2026. Legal, survey, mortgage, moving and setup figures are adjustable planning estimates. Registration treatment depends on the application; confirm the final charge with your solicitor."
2026,2026.07.1,400000,England,Additional property / second home,average,10,40000,Stamp Duty Land Tax,30000,official-calculation,1550,market-estimate,340,market-estimate,150,official-charge,850,market-estimate,950,market-estimate,40,1300,true,320,true,0,false,535,10,76035,"Taxes use official jurisdiction-specific rules verified on 19 July 2026. Legal, survey, mortgage, moving and setup figures are adjustable planning estimates. Registration treatment depends on the application; confirm the final charge with your solicitor."
2026,2026.07.1,400000,Northern Ireland,First-time buyer,average,10,40000,Stamp Duty Land Tax,5000,official-calculation,1550,market-estimate,340,market-estimate,445,market-estimate,850,market-estimate,950,market-estimate,40,1300,true,320,true,0,false,580,10,51375,"Taxes use official jurisdiction-specific rules verified on 19 July 2026. Legal, survey, mortgage, moving and setup figures are adjustable planning estimates. Northern Ireland registration is an adjustable allowance, not an HM Land Registry charge."
2026,2026.07.1,400000,Northern Ireland,Home mover,average,10,40000,Stamp Duty Land Tax,10000,official-calculation,1550,market-estimate,340,market-estimate,445,market-estimate,850,market-estimate,950,market-estimate,40,1300,true,320,true,0,false,580,10,56375,"Taxes use official jurisdiction-specific rules verified on 19 July 2026. Legal, survey, mortgage, moving and setup figures are adjustable planning estimates. Northern Ireland registration is an adjustable allowance, not an HM Land Registry charge."
2026,2026.07.1,400000,Northern Ireland,Additional property / second home,average,10,40000,Stamp Duty Land Tax,30000,official-calculation,1550,market-estimate,340,market-estimate,445,market-estimate,850,market-estimate,950,market-estimate,40,1300,true,320,true,0,false,580,10,76375,"Taxes use official jurisdiction-specific rules verified on 19 July 2026. Legal, survey, mortgage, moving and setup figures are adjustable planning estimates. Northern Ireland registration is an adjustable allowance, not an HM Land Registry charge."
2026,2026.07.1,400000,Scotland,First-time buyer,average,10,40000,LBTT,12750,official-calculation,1550,market-estimate,240,market-estimate,660,official-charge,850,market-estimate,950,market-estimate,40,1300,true,300,true,0,false,523,10,59163,"Taxes use official jurisdiction-specific rules verified on 19 July 2026. Legal, survey, mortgage, moving and setup figures are adjustable planning estimates. Registration treatment depends on the application; confirm the final charge with your solicitor."
2026,2026.07.1,400000,Scotland,Home mover,average,10,40000,LBTT,13350,official-calculation,1550,market-estimate,240,market-estimate,660,official-charge,850,market-estimate,950,market-estimate,40,1300,true,300,true,0,false,523,10,59763,"Taxes use official jurisdiction-specific rules verified on 19 July 2026. Legal, survey, mortgage, moving and setup figures are adjustable planning estimates. Registration treatment depends on the application; confirm the final charge with your solicitor."
2026,2026.07.1,400000,Scotland,Additional property / second home,average,10,40000,LBTT,45350,official-calculation,1550,market-estimate,240,market-estimate,660,official-charge,850,market-estimate,950,market-estimate,40,1300,true,300,true,0,false,523,10,91763,"Taxes use official jurisdiction-specific rules verified on 19 July 2026. Legal, survey, mortgage, moving and setup figures are adjustable planning estimates. Registration treatment depends on the application; confirm the final charge with your solicitor."
2026,2026.07.1,400000,Wales,First-time buyer,average,10,40000,LTT,10500,official-calculation,1550,market-estimate,330,market-estimate,150,official-charge,850,market-estimate,950,market-estimate,40,1300,true,320,true,0,false,534,10,56524,"Taxes use official jurisdiction-specific rules verified on 19 July 2026. Legal, survey, mortgage, moving and setup figures are adjustable planning estimates. Registration treatment depends on the application; confirm the final charge with your solicitor."
2026,2026.07.1,400000,Wales,Home mover,average,10,40000,LTT,10500,official-calculation,1550,market-estimate,330,market-estimate,150,official-charge,850,market-estimate,950,market-estimate,40,1300,true,320,true,0,false,534,10,56524,"Taxes use official jurisdiction-specific rules verified on 19 July 2026. Legal, survey, mortgage, moving and setup figures are adjustable planning estimates. Registration treatment depends on the application; confirm the final charge with your solicitor."
2026,2026.07.1,400000,Wales,Additional property / second home,average,10,40000,LTT,29950,official-calculation,1550,market-estimate,330,market-estimate,150,official-charge,850,market-estimate,950,market-estimate,40,1300,true,320,true,0,false,534,10,75974,"Taxes use official jurisdiction-specific rules verified on 19 July 2026. Legal, survey, mortgage, moving and setup figures are adjustable planning estimates. Registration treatment depends on the application; confirm the final charge with your solicitor."
2026,2026.07.1,450000,England,First-time buyer,average,10,45000,Stamp Duty Land Tax,7500,official-calculation,1550,market-estimate,340,market-estimate,150,official-charge,850,market-estimate,950,market-estimate,40,1300,true,320,true,0,false,535,10,58535,"Taxes use official jurisdiction-specific rules verified on 19 July 2026. Legal, survey, mortgage, moving and setup figures are adjustable planning estimates. Registration treatment depends on the application; confirm the final charge with your solicitor."
2026,2026.07.1,450000,England,Home mover,average,10,45000,Stamp Duty Land Tax,12500,official-calculation,1550,market-estimate,340,market-estimate,150,official-charge,850,market-estimate,950,market-estimate,40,1300,true,320,true,0,false,535,10,63535,"Taxes use official jurisdiction-specific rules verified on 19 July 2026. Legal, survey, mortgage, moving and setup figures are adjustable planning estimates. Registration treatment depends on the application; confirm the final charge with your solicitor."
2026,2026.07.1,450000,England,Additional property / second home,average,10,45000,Stamp Duty Land Tax,35000,official-calculation,1550,market-estimate,340,market-estimate,150,official-charge,850,market-estimate,950,market-estimate,40,1300,true,320,true,0,false,535,10,86035,"Taxes use official jurisdiction-specific rules verified on 19 July 2026. Legal, survey, mortgage, moving and setup figures are adjustable planning estimates. Registration treatment depends on the application; confirm the final charge with your solicitor."
2026,2026.07.1,450000,Northern Ireland,First-time buyer,average,10,45000,Stamp Duty Land Tax,7500,official-calculation,1550,market-estimate,340,market-estimate,445,market-estimate,850,market-estimate,950,market-estimate,40,1300,true,320,true,0,false,580,10,58875,"Taxes use official jurisdiction-specific rules verified on 19 July 2026. Legal, survey, mortgage, moving and setup figures are adjustable planning estimates. Northern Ireland registration is an adjustable allowance, not an HM Land Registry charge."
2026,2026.07.1,450000,Northern Ireland,Home mover,average,10,45000,Stamp Duty Land Tax,12500,official-calculation,1550,market-estimate,340,market-estimate,445,market-estimate,850,market-estimate,950,market-estimate,40,1300,true,320,true,0,false,580,10,63875,"Taxes use official jurisdiction-specific rules verified on 19 July 2026. Legal, survey, mortgage, moving and setup figures are adjustable planning estimates. Northern Ireland registration is an adjustable allowance, not an HM Land Registry charge."
2026,2026.07.1,450000,Northern Ireland,Additional property / second home,average,10,45000,Stamp Duty Land Tax,35000,official-calculation,1550,market-estimate,340,market-estimate,445,market-estimate,850,market-estimate,950,market-estimate,40,1300,true,320,true,0,false,580,10,86375,"Taxes use official jurisdiction-specific rules verified on 19 July 2026. Legal, survey, mortgage, moving and setup figures are adjustable planning estimates. Northern Ireland registration is an adjustable allowance, not an HM Land Registry charge."
2026,2026.07.1,450000,Scotland,First-time buyer,average,10,45000,LBTT,17750,official-calculation,1550,market-estimate,240,market-estimate,660,official-charge,850,market-estimate,950,market-estimate,40,1300,true,300,true,0,false,523,10,69163,"Taxes use official jurisdiction-specific rules verified on 19 July 2026. Legal, survey, mortgage, moving and setup figures are adjustable planning estimates. Registration treatment depends on the application; confirm the final charge with your solicitor."
2026,2026.07.1,450000,Scotland,Home mover,average,10,45000,LBTT,18350,official-calculation,1550,market-estimate,240,market-estimate,660,official-charge,850,market-estimate,950,market-estimate,40,1300,true,300,true,0,false,523,10,69763,"Taxes use official jurisdiction-specific rules verified on 19 July 2026. Legal, survey, mortgage, moving and setup figures are adjustable planning estimates. Registration treatment depends on the application; confirm the final charge with your solicitor."
2026,2026.07.1,450000,Scotland,Additional property / second home,average,10,45000,LBTT,54350,official-calculation,1550,market-estimate,240,market-estimate,660,official-charge,850,market-estimate,950,market-estimate,40,1300,true,300,true,0,false,523,10,105763,"Taxes use official jurisdiction-specific rules verified on 19 July 2026. Legal, survey, mortgage, moving and setup figures are adjustable planning estimates. Registration treatment depends on the application; confirm the final charge with your solicitor."
2026,2026.07.1,450000,Wales,First-time buyer,average,10,45000,LTT,14250,official-calculation,1550,market-estimate,330,market-estimate,150,official-charge,850,market-estimate,950,market-estimate,40,1300,true,320,true,0,false,534,10,65274,"Taxes use official jurisdiction-specific rules verified on 19 July 2026. Legal, survey, mortgage, moving and setup figures are adjustable planning estimates. Registration treatment depends on the application; confirm the final charge with your solicitor."
2026,2026.07.1,450000,Wales,Home mover,average,10,45000,LTT,14250,official-calculation,1550,market-estimate,330,market-estimate,150,official-charge,850,market-estimate,950,market-estimate,40,1300,true,320,true,0,false,534,10,65274,"Taxes use official jurisdiction-specific rules verified on 19 July 2026. Legal, survey, mortgage, moving and setup figures are adjustable planning estimates. Registration treatment depends on the application; confirm the final charge with your solicitor."
2026,2026.07.1,450000,Wales,Additional property / second home,average,10,45000,LTT,36200,official-calculation,1550,market-estimate,330,market-estimate,150,official-charge,850,market-estimate,950,market-estimate,40,1300,true,320,true,0,false,534,10,87224,"Taxes use official jurisdiction-specific rules verified on 19 July 2026. Legal, survey, mortgage, moving and setup figures are adjustable planning estimates. Registration treatment depends on the application; confirm the final charge with your solicitor."
2026,2026.07.1,500000,England,First-time buyer,average,10,50000,Stamp Duty Land Tax,10000,official-calculation,1550,market-estimate,340,market-estimate,150,official-charge,850,market-estimate,950,market-estimate,40,1300,true,320,true,0,false,535,10,66035,"Taxes use official jurisdiction-specific rules verified on 19 July 2026. Legal, survey, mortgage, moving and setup figures are adjustable planning estimates. Registration treatment depends on the application; confirm the final charge with your solicitor."
2026,2026.07.1,500000,England,Home mover,average,10,50000,Stamp Duty Land Tax,15000,official-calculation,1550,market-estimate,340,market-estimate,150,official-charge,850,market-estimate,950,market-estimate,40,1300,true,320,true,0,false,535,10,71035,"Taxes use official jurisdiction-specific rules verified on 19 July 2026. Legal, survey, mortgage, moving and setup figures are adjustable planning estimates. Registration treatment depends on the application; confirm the final charge with your solicitor."
2026,2026.07.1,500000,England,Additional property / second home,average,10,50000,Stamp Duty Land Tax,40000,official-calculation,1550,market-estimate,340,market-estimate,150,official-charge,850,market-estimate,950,market-estimate,40,1300,true,320,true,0,false,535,10,96035,"Taxes use official jurisdiction-specific rules verified on 19 July 2026. Legal, survey, mortgage, moving and setup figures are adjustable planning estimates. Registration treatment depends on the application; confirm the final charge with your solicitor."
2026,2026.07.1,500000,Northern Ireland,First-time buyer,average,10,50000,Stamp Duty Land Tax,10000,official-calculation,1550,market-estimate,340,market-estimate,445,market-estimate,850,market-estimate,950,market-estimate,40,1300,true,320,true,0,false,580,10,66375,"Taxes use official jurisdiction-specific rules verified on 19 July 2026. Legal, survey, mortgage, moving and setup figures are adjustable planning estimates. Northern Ireland registration is an adjustable allowance, not an HM Land Registry charge."
2026,2026.07.1,500000,Northern Ireland,Home mover,average,10,50000,Stamp Duty Land Tax,15000,official-calculation,1550,market-estimate,340,market-estimate,445,market-estimate,850,market-estimate,950,market-estimate,40,1300,true,320,true,0,false,580,10,71375,"Taxes use official jurisdiction-specific rules verified on 19 July 2026. Legal, survey, mortgage, moving and setup figures are adjustable planning estimates. Northern Ireland registration is an adjustable allowance, not an HM Land Registry charge."
2026,2026.07.1,500000,Northern Ireland,Additional property / second home,average,10,50000,Stamp Duty Land Tax,40000,official-calculation,1550,market-estimate,340,market-estimate,445,market-estimate,850,market-estimate,950,market-estimate,40,1300,true,320,true,0,false,580,10,96375,"Taxes use official jurisdiction-specific rules verified on 19 July 2026. Legal, survey, mortgage, moving and setup figures are adjustable planning estimates. Northern Ireland registration is an adjustable allowance, not an HM Land Registry charge."
2026,2026.07.1,500000,Scotland,First-time buyer,average,10,50000,LBTT,22750,official-calculation,1550,market-estimate,240,market-estimate,660,official-charge,850,market-estimate,950,market-estimate,40,1300,true,300,true,0,false,523,10,79163,"Taxes use official jurisdiction-specific rules verified on 19 July 2026. Legal, survey, mortgage, moving and setup figures are adjustable planning estimates. Registration treatment depends on the application; confirm the final charge with your solicitor."
2026,2026.07.1,500000,Scotland,Home mover,average,10,50000,LBTT,23350,official-calculation,1550,market-estimate,240,market-estimate,660,official-charge,850,market-estimate,950,market-estimate,40,1300,true,300,true,0,false,523,10,79763,"Taxes use official jurisdiction-specific rules verified on 19 July 2026. Legal, survey, mortgage, moving and setup figures are adjustable planning estimates. Registration treatment depends on the application; confirm the final charge with your solicitor."
2026,2026.07.1,500000,Scotland,Additional property / second home,average,10,50000,LBTT,63350,official-calculation,1550,market-estimate,240,market-estimate,660,official-charge,850,market-estimate,950,market-estimate,40,1300,true,300,true,0,false,523,10,119763,"Taxes use official jurisdiction-specific rules verified on 19 July 2026. Legal, survey, mortgage, moving and setup figures are adjustable planning estimates. Registration treatment depends on the application; confirm the final charge with your solicitor."
2026,2026.07.1,500000,Wales,First-time buyer,average,10,50000,LTT,18000,official-calculation,1550,market-estimate,330,market-estimate,150,official-charge,850,market-estimate,950,market-estimate,40,1300,true,320,true,0,false,534,10,74024,"Taxes use official jurisdiction-specific rules verified on 19 July 2026. Legal, survey, mortgage, moving and setup figures are adjustable planning estimates. Registration treatment depends on the application; confirm the final charge with your solicitor."
2026,2026.07.1,500000,Wales,Home mover,average,10,50000,LTT,18000,official-calculation,1550,market-estimate,330,market-estimate,150,official-charge,850,market-estimate,950,market-estimate,40,1300,true,320,true,0,false,534,10,74024,"Taxes use official jurisdiction-specific rules verified on 19 July 2026. Legal, survey, mortgage, moving and setup figures are adjustable planning estimates. Registration treatment depends on the application; confirm the final charge with your solicitor."
2026,2026.07.1,500000,Wales,Additional property / second home,average,10,50000,LTT,42450,official-calculation,1550,market-estimate,330,market-estimate,150,official-charge,850,market-estimate,950,market-estimate,40,1300,true,320,true,0,false,534,10,98474,"Taxes use official jurisdiction-specific rules verified on 19 July 2026. Legal, survey, mortgage, moving and setup figures are adjustable planning estimates. Registration treatment depends on the application; confirm the final charge with your solicitor."
2026,2026.07.1,600000,England,First-time buyer,average,10,60000,Stamp Duty Land Tax,20000,official-calculation,1750,market-estimate,340,market-estimate,295,official-charge,1050,market-estimate,1100,market-estimate,40,1650,true,320,true,0,false,625,10,87170,"Taxes use official jurisdiction-specific rules verified on 19 July 2026. Legal, survey, mortgage, moving and setup figures are adjustable planning estimates. Registration treatment depends on the application; confirm the final charge with your solicitor."
2026,2026.07.1,600000,England,Home mover,average,10,60000,Stamp Duty Land Tax,20000,official-calculation,1750,market-estimate,340,market-estimate,295,official-charge,1050,market-estimate,1100,market-estimate,40,1650,true,320,true,0,false,625,10,87170,"Taxes use official jurisdiction-specific rules verified on 19 July 2026. Legal, survey, mortgage, moving and setup figures are adjustable planning estimates. Registration treatment depends on the application; confirm the final charge with your solicitor."
2026,2026.07.1,600000,England,Additional property / second home,average,10,60000,Stamp Duty Land Tax,50000,official-calculation,1750,market-estimate,340,market-estimate,295,official-charge,1050,market-estimate,1100,market-estimate,40,1650,true,320,true,0,false,625,10,117170,"Taxes use official jurisdiction-specific rules verified on 19 July 2026. Legal, survey, mortgage, moving and setup figures are adjustable planning estimates. Registration treatment depends on the application; confirm the final charge with your solicitor."
2026,2026.07.1,600000,Northern Ireland,First-time buyer,average,10,60000,Stamp Duty Land Tax,20000,official-calculation,1750,market-estimate,340,market-estimate,445,market-estimate,1050,market-estimate,1100,market-estimate,40,1650,true,320,true,0,false,670,10,87365,"Taxes use official jurisdiction-specific rules verified on 19 July 2026. Legal, survey, mortgage, moving and setup figures are adjustable planning estimates. Northern Ireland registration is an adjustable allowance, not an HM Land Registry charge."
2026,2026.07.1,600000,Northern Ireland,Home mover,average,10,60000,Stamp Duty Land Tax,20000,official-calculation,1750,market-estimate,340,market-estimate,445,market-estimate,1050,market-estimate,1100,market-estimate,40,1650,true,320,true,0,false,670,10,87365,"Taxes use official jurisdiction-specific rules verified on 19 July 2026. Legal, survey, mortgage, moving and setup figures are adjustable planning estimates. Northern Ireland registration is an adjustable allowance, not an HM Land Registry charge."
2026,2026.07.1,600000,Northern Ireland,Additional property / second home,average,10,60000,Stamp Duty Land Tax,50000,official-calculation,1750,market-estimate,340,market-estimate,445,market-estimate,1050,market-estimate,1100,market-estimate,40,1650,true,320,true,0,false,670,10,117365,"Taxes use official jurisdiction-specific rules verified on 19 July 2026. Legal, survey, mortgage, moving and setup figures are adjustable planning estimates. Northern Ireland registration is an adjustable allowance, not an HM Land Registry charge."
2026,2026.07.1,600000,Scotland,First-time buyer,average,10,60000,LBTT,32750,official-calculation,1750,market-estimate,240,market-estimate,800,official-charge,1050,market-estimate,1100,market-estimate,40,1650,true,300,true,0,false,613,10,100293,"Taxes use official jurisdiction-specific rules verified on 19 July 2026. Legal, survey, mortgage, moving and setup figures are adjustable planning estimates. Registration treatment depends on the application; confirm the final charge with your solicitor."
2026,2026.07.1,600000,Scotland,Home mover,average,10,60000,LBTT,33350,official-calculation,1750,market-estimate,240,market-estimate,800,official-charge,1050,market-estimate,1100,market-estimate,40,1650,true,300,true,0,false,613,10,100893,"Taxes use official jurisdiction-specific rules verified on 19 July 2026. Legal, survey, mortgage, moving and setup figures are adjustable planning estimates. Registration treatment depends on the application; confirm the final charge with your solicitor."
2026,2026.07.1,600000,Scotland,Additional property / second home,average,10,60000,LBTT,81350,official-calculation,1750,market-estimate,240,market-estimate,800,official-charge,1050,market-estimate,1100,market-estimate,40,1650,true,300,true,0,false,613,10,148893,"Taxes use official jurisdiction-specific rules verified on 19 July 2026. Legal, survey, mortgage, moving and setup figures are adjustable planning estimates. Registration treatment depends on the application; confirm the final charge with your solicitor."
2026,2026.07.1,600000,Wales,First-time buyer,average,10,60000,LTT,25500,official-calculation,1750,market-estimate,330,market-estimate,295,official-charge,1050,market-estimate,1100,market-estimate,40,1650,true,320,true,0,false,624,10,92659,"Taxes use official jurisdiction-specific rules verified on 19 July 2026. Legal, survey, mortgage, moving and setup figures are adjustable planning estimates. Registration treatment depends on the application; confirm the final charge with your solicitor."
2026,2026.07.1,600000,Wales,Home mover,average,10,60000,LTT,25500,official-calculation,1750,market-estimate,330,market-estimate,295,official-charge,1050,market-estimate,1100,market-estimate,40,1650,true,320,true,0,false,624,10,92659,"Taxes use official jurisdiction-specific rules verified on 19 July 2026. Legal, survey, mortgage, moving and setup figures are adjustable planning estimates. Registration treatment depends on the application; confirm the final charge with your solicitor."
2026,2026.07.1,600000,Wales,Additional property / second home,average,10,60000,LTT,54950,official-calculation,1750,market-estimate,330,market-estimate,295,official-charge,1050,market-estimate,1100,market-estimate,40,1650,true,320,true,0,false,624,10,122109,"Taxes use official jurisdiction-specific rules verified on 19 July 2026. Legal, survey, mortgage, moving and setup figures are adjustable planning estimates. Registration treatment depends on the application; confirm the final charge with your solicitor."
2026,2026.07.1,750000,England,First-time buyer,average,10,75000,Stamp Duty Land Tax,27500,official-calculation,1750,market-estimate,340,market-estimate,295,official-charge,1050,market-estimate,1100,market-estimate,40,1650,true,320,true,0,false,625,10,109670,"Taxes use official jurisdiction-specific rules verified on 19 July 2026. Legal, survey, mortgage, moving and setup figures are adjustable planning estimates. Registration treatment depends on the application; confirm the final charge with your solicitor."
2026,2026.07.1,750000,England,Home mover,average,10,75000,Stamp Duty Land Tax,27500,official-calculation,1750,market-estimate,340,market-estimate,295,official-charge,1050,market-estimate,1100,market-estimate,40,1650,true,320,true,0,false,625,10,109670,"Taxes use official jurisdiction-specific rules verified on 19 July 2026. Legal, survey, mortgage, moving and setup figures are adjustable planning estimates. Registration treatment depends on the application; confirm the final charge with your solicitor."
2026,2026.07.1,750000,England,Additional property / second home,average,10,75000,Stamp Duty Land Tax,65000,official-calculation,1750,market-estimate,340,market-estimate,295,official-charge,1050,market-estimate,1100,market-estimate,40,1650,true,320,true,0,false,625,10,147170,"Taxes use official jurisdiction-specific rules verified on 19 July 2026. Legal, survey, mortgage, moving and setup figures are adjustable planning estimates. Registration treatment depends on the application; confirm the final charge with your solicitor."
2026,2026.07.1,750000,Northern Ireland,First-time buyer,average,10,75000,Stamp Duty Land Tax,27500,official-calculation,1750,market-estimate,340,market-estimate,445,market-estimate,1050,market-estimate,1100,market-estimate,40,1650,true,320,true,0,false,670,10,109865,"Taxes use official jurisdiction-specific rules verified on 19 July 2026. Legal, survey, mortgage, moving and setup figures are adjustable planning estimates. Northern Ireland registration is an adjustable allowance, not an HM Land Registry charge."
2026,2026.07.1,750000,Northern Ireland,Home mover,average,10,75000,Stamp Duty Land Tax,27500,official-calculation,1750,market-estimate,340,market-estimate,445,market-estimate,1050,market-estimate,1100,market-estimate,40,1650,true,320,true,0,false,670,10,109865,"Taxes use official jurisdiction-specific rules verified on 19 July 2026. Legal, survey, mortgage, moving and setup figures are adjustable planning estimates. Northern Ireland registration is an adjustable allowance, not an HM Land Registry charge."
2026,2026.07.1,750000,Northern Ireland,Additional property / second home,average,10,75000,Stamp Duty Land Tax,65000,official-calculation,1750,market-estimate,340,market-estimate,445,market-estimate,1050,market-estimate,1100,market-estimate,40,1650,true,320,true,0,false,670,10,147365,"Taxes use official jurisdiction-specific rules verified on 19 July 2026. Legal, survey, mortgage, moving and setup figures are adjustable planning estimates. Northern Ireland registration is an adjustable allowance, not an HM Land Registry charge."
2026,2026.07.1,750000,Scotland,First-time buyer,average,10,75000,LBTT,47750,official-calculation,1750,market-estimate,240,market-estimate,930,official-charge,1050,market-estimate,1100,market-estimate,40,1650,true,300,true,0,false,613,10,130423,"Taxes use official jurisdiction-specific rules verified on 19 July 2026. Legal, survey, mortgage, moving and setup figures are adjustable planning estimates. Registration treatment depends on the application; confirm the final charge with your solicitor."
2026,2026.07.1,750000,Scotland,Home mover,average,10,75000,LBTT,48350,official-calculation,1750,market-estimate,240,market-estimate,930,official-charge,1050,market-estimate,1100,market-estimate,40,1650,true,300,true,0,false,613,10,131023,"Taxes use official jurisdiction-specific rules verified on 19 July 2026. Legal, survey, mortgage, moving and setup figures are adjustable planning estimates. Registration treatment depends on the application; confirm the final charge with your solicitor."
2026,2026.07.1,750000,Scotland,Additional property / second home,average,10,75000,LBTT,108350,official-calculation,1750,market-estimate,240,market-estimate,930,official-charge,1050,market-estimate,1100,market-estimate,40,1650,true,300,true,0,false,613,10,191023,"Taxes use official jurisdiction-specific rules verified on 19 July 2026. Legal, survey, mortgage, moving and setup figures are adjustable planning estimates. Registration treatment depends on the application; confirm the final charge with your solicitor."
2026,2026.07.1,750000,Wales,First-time buyer,average,10,75000,LTT,36750,official-calculation,1750,market-estimate,330,market-estimate,295,official-charge,1050,market-estimate,1100,market-estimate,40,1650,true,320,true,0,false,624,10,118909,"Taxes use official jurisdiction-specific rules verified on 19 July 2026. Legal, survey, mortgage, moving and setup figures are adjustable planning estimates. Registration treatment depends on the application; confirm the final charge with your solicitor."
2026,2026.07.1,750000,Wales,Home mover,average,10,75000,LTT,36750,official-calculation,1750,market-estimate,330,market-estimate,295,official-charge,1050,market-estimate,1100,market-estimate,40,1650,true,320,true,0,false,624,10,118909,"Taxes use official jurisdiction-specific rules verified on 19 July 2026. Legal, survey, mortgage, moving and setup figures are adjustable planning estimates. Registration treatment depends on the application; confirm the final charge with your solicitor."
2026,2026.07.1,750000,Wales,Additional property / second home,average,10,75000,LTT,73700,official-calculation,1750,market-estimate,330,market-estimate,295,official-charge,1050,market-estimate,1100,market-estimate,40,1650,true,320,true,0,false,624,10,155859,"Taxes use official jurisdiction-specific rules verified on 19 July 2026. Legal, survey, mortgage, moving and setup figures are adjustable planning estimates. Registration treatment depends on the application; confirm the final charge with your solicitor."
